"","id","taxon","observer","source","date","county","location_quality","latitude","longitude","location_description","accuracy_square_meters","plant","phenology","phenology_code"
"1","in:10013819","Atriplex polycarpa","Don Rideout","iNaturalist",2018-02-25,"San Diego","high",33.37097,-116.42973,"Anza-Borrego Desert State Park",113,"Atriplex polycarpa",NA,NA
"2","in:10229357","Atriplex polycarpa","Terry Hunefeld","iNaturalist",2018-03-13,"San Diego","high",33.155655,-116.483156,"San Diego County, US-CA, US",78,"Atriplex polycarpa",NA,NA
"3","in:10229426","Atriplex polycarpa","Terry Hunefeld","iNaturalist",2018-03-13,"San Diego","high",33.155758,-116.481667,"Anza-Borrego Desert State Park, Ranchita, CA, US",78,"Atriplex polycarpa",NA,NA
"4","in:112070132","Atriplex polycarpa","kyleas98","iNaturalist",2022-04-16,"Riverside","high",33.989978,-116.657975,"Riverside",254,"Atriplex polycarpa",NA,NA
"5","in:12464898","Atriplex polycarpa","birgitknorr","iNaturalist",2018-05-14,"San Diego","high",32.903828,-116.249991,"San Diego County, US-CA, US",78,"Atriplex polycarpa",NA,NA
"6","in:12467627","Atriplex polycarpa","birgitknorr","iNaturalist",2018-05-14,"San Diego","high",32.903973,-116.250424,"San Diego County, US-CA, US",78,"Atriplex polycarpa",NA,NA
"7","in:12472377","Atriplex polycarpa","birgitknorr","iNaturalist",2018-05-14,"San Diego","high",32.903442,-116.24987,"San Diego County, US-CA, US",78,"Atriplex polycarpa",NA,NA
"8","in:144708196","Atriplex polycarpa","aparrot1","iNaturalist",2022-12-17,"Riverside","high",33.841583,-116.311478,"Thousand Palms, CA",50,"Atriplex polycarpa",NA,NA
"9","in:145240825","Atriplex polycarpa","aparrot1","iNaturalist",2022-12-25,"Riverside","high",33.838987,-116.30773,"Thousand Palms Canyon Rd, Desert Hot Springs, CA",50,"Atriplex polycarpa",NA,NA
"10","in:148861173","Atriplex polycarpa","aparrot1","iNaturalist",2023-02-12,"Riverside","high",33.838408,-116.308083,"Thousand Palms Canyon Rd, Thousand Palms, CA",50,"Atriplex polycarpa",NA,NA
"11","in:17366065","Atriplex polycarpa","Terry Hunefeld","iNaturalist",2018-10-08,"San Diego","high",33.138075,-116.373878,"Anza-Borrego Desert State Park, Borrego Springs, CA, US",78,"Atriplex polycarpa",NA,NA
"12","in:17367891","Atriplex polycarpa","Terry Hunefeld","iNaturalist",2018-10-09,"San Diego","high",32.972202,-116.381216,"35344",78,"Atriplex polycarpa",NA,NA
"13","in:17367904","Atriplex polycarpa","Terry Hunefeld","iNaturalist",2018-10-09,"San Diego","high",32.972153,-116.381351,"35344",78,"Atriplex polycarpa",NA,NA
"14","in:17409515","Atriplex polycarpa","birgitknorr","iNaturalist",2018-10-11,"San Diego","high",32.896006,-116.259513,"San Diego County, US-CA, US",314,"Atriplex polycarpa",NA,NA
"15","in:17721741","Atriplex polycarpa","birgitknorr","iNaturalist",2018-10-21,"San Diego","high",32.909203,-116.250181,"McCain Valley Nat'l Co-op Land & Wildlife Mngmt Area, San Diego County, US-CA, US",78,"Atriplex polycarpa",NA,NA
"16","in:17775572","Atriplex polycarpa","Emily Chebul","iNaturalist",2018-10-20,"San Bernardino","high",35.192238,-115.767928,"Mojave National Preserve, Nipton, CA, US",78,"Atriplex polycarpa",NA,NA
"17","in:182409938","Atriplex polycarpa","Taylour Unzicker","iNaturalist",2023-09-08,"San Diego","high",33.145348,-116.116406,"Borrego Springs, CA 92004, USA",78,"Atriplex polycarpa",NA,NA
"18","in:18400100","Atriplex polycarpa","Terry Hunefeld","iNaturalist",2018-11-14,"San Diego","high",32.969796,-116.356545,"Anza-Borrego Desert State Park, Julian, CA, US",78,"Atriplex polycarpa",NA,NA
"19","in:18527788","Atriplex polycarpa","birgitknorr","iNaturalist",2018-11-20,"San Diego","high",32.903825,-116.249525,"San Diego County, US-CA, US",78,"Atriplex polycarpa",NA,NA
"20","in:18690237","Atriplex polycarpa","R.J. Adams","iNaturalist",2018-11-20,"Inyo","high",36.265674,-117.188038,"Wildrose Campground, Death Valley N.P.",530,"Atriplex polycarpa",NA,NA
"21","in:19062857","Atriplex polycarpa","Terry Hunefeld","iNaturalist",2018-12-16,"San Diego","high",33.210555,-116.314933,"Anza-Borrego Desert State Park, Borrego Springs, CA, US",78,"Atriplex polycarpa",NA,NA
"22","in:190841729","Atriplex polycarpa","swardfish5","iNaturalist",2023-10-30,"San Diego","high",33.181888,-116.220117,"Anza-Borrego Desert State Park, Borrego Springs, CA",50,"Atriplex polycarpa",NA,NA
"23","in:191130108","Atriplex polycarpa","caraw07","iNaturalist",2023-11-15,"Riverside","high",33.62648,-115.325762,"Desert Center, CA, US",78,"Atriplex polycarpa",NA,NA
"24","in:191675290","Atriplex polycarpa","Gary Griffith","iNaturalist",2023-11-21,"Inyo","high",35.97283,-117.910949,"Inyokern, CA, US",50,"Atriplex polycarpa",NA,NA
"25","in:193158058","Atriplex polycarpa","aparrot1","iNaturalist",2023-11-26,"Riverside","high",33.842237,-116.311478,"Thousand Palms, CA",50,"Atriplex polycarpa",NA,NA
"26","in:195048596","Atriplex polycarpa","steve_boyd","iNaturalist",2023-12-24,"Inyo","medium",36.590679,-116.990719,"Death Valley National Park, Death Valley, CA, US",7542,"Atriplex polycarpa",NA,NA
"27","in:195379517","Atriplex polycarpa","dianimal","iNaturalist",2023-12-30,"Imperial","high",32.814122,-116.064667,"Imperial, CA, US",50,"Atriplex polycarpa",NA,NA
"28","in:195667968","Atriplex polycarpa","ryanallain4","iNaturalist",2024-01-03,"Kern","high",35.452478,-117.654199,"US-395, Ridgecrest, CA, US",153,"Atriplex polycarpa",NA,NA
"29","in:195688623","Atriplex polycarpa","robertodesu","iNaturalist",2024-01-02,"San Bernardino","high",34.128608,-116.040833,"Joshua Tree National Park, Twentynine Palms, CA",50,"Atriplex polycarpa",NA,NA
"30","in:197565975","Atriplex polycarpa","Robb Hannawacker","iNaturalist",2024-01-25,"Riverside","high",33.498521,-115.849055,"Mecca, CA, US",50,"Atriplex polycarpa",NA,NA
"31","in:197928280","Atriplex polycarpa","Sue Shigenaga","iNaturalist",2024-01-29,"Riverside","high",33.613853,-116.262437,"Puerta Azul, La Quinta, CA, US",113,"Atriplex polycarpa",NA,NA
"32","in:199596130","Atriplex polycarpa","Steve Matson","iNaturalist",2024-02-16,"Inyo","high",37.38602,-118.309045,"Bishop, CA, US",50,"Atriplex polycarpa",NA,NA
"33","in:200018612","Atriplex polycarpa","Steve Matson","iNaturalist",2024-02-20,"Inyo","high",37.121322,-118.207153,"Big Pine, CA, US",50,"Atriplex polycarpa",NA,NA
"34","in:20145976","Atriplex polycarpa","plantsarecool","iNaturalist",2019-02-05,"Fresno","high",36.705134,-120.860289,"62964 Little Panoche Rd, Firebaugh",6082,"Atriplex polycarpa",NA,NA
"35","in:20236334","Atriplex polycarpa","arbyreed","iNaturalist",2019-02-09,"Riverside","high",33.773225,-116.311263,"Coachella Valley National Wildlife Refuge, Palm Desert, CA, US",78,"Atriplex polycarpa",NA,NA
"36","in:204156183","Atriplex polycarpa","Steve Matson","iNaturalist",2024-03-26,"Inyo","high",37.007686,-118.20105,"Independence, CA, US",50,"Atriplex polycarpa",NA,NA
"37","in:217589666","Atriplex polycarpa","Tim Messick","iNaturalist",2024-05-09,"Inyo","high",36.730522,-118.177414,"Inyo County, CA, USA",113,"Atriplex polycarpa",NA,NA
"38","in:242317293","Atriplex polycarpa","tinajaecological","iNaturalist",2024-09-17,"Kern","high",34.989686,-117.633577,"Boron, CA, US",50,"Atriplex polycarpa",NA,NA
"39","in:255721533","Atriplex polycarpa","aparrot1","iNaturalist",2024-12-18,"Riverside","high",33.499753,-115.848258,"Mecca, CA",28,"Atriplex polycarpa",NA,NA
"40","in:258085456","Atriplex polycarpa","Chris Otahal","iNaturalist",2025-01-10,"San Bernardino","high",34.867633,-117.023925,"Barstow, CA, USA",314,"Atriplex polycarpa",NA,NA
"41","in:264425394","Atriplex polycarpa","spmesser","iNaturalist",2025-03-05,"San Bernardino","high",35.25107,-116.659242,"The National Training Center And Fort Irwin, Fort Irwin, CA, US",78,"Atriplex polycarpa",NA,NA
"42","in:267066133","Atriplex polycarpa","Steve Matson","iNaturalist",2025-03-24,"Inyo","high",37.342245,-117.75315,"Sylvania Mountains Wilderness, Big Pine, CA, US",1520,"Atriplex polycarpa",NA,NA
"43","in:27659365","Atriplex polycarpa","sea-kangaroo","iNaturalist",2019-04-19,"San Bernardino","high",34.128087,-116.03949,"Joshua Tree National Park, California",201,"Atriplex polycarpa",NA,NA
"44","in:284869279","Atriplex polycarpa","Grecia Ortega","iNaturalist",2025-05-21,"San Bernardino","medium",35.040294,-116.379826,"Baker, CA, US",14102,"Atriplex polycarpa",NA,NA
"45","in:304373392","Atriplex polycarpa","Avery Hansen","iNaturalist",2025-08-06,"Los Angeles","high",34.642605,-118.749588,"Angeles National Forest, Castaic, CA, US",314,"Atriplex polycarpa",NA,NA
"46","in:307359037","Atriplex polycarpa","Fred Watson","iNaturalist",2025-08-18,"Inyo","high",36.01307,-116.196283,"Inyo County, US-CA, US",12,"Atriplex polycarpa",NA,NA
"47","in:32492490","Atriplex polycarpa","Chris Weber","iNaturalist",2019-09-08,"Riverside","medium",33.729696,-116.532272,"Riverside County, CA, USA",9160,"Atriplex polycarpa",NA,NA
"48","in:34672767","Atriplex polycarpa","Daniel S. Cooper","iNaturalist",2019-10-16,"Riverside","high",33.5203,-115.939317,"Vander Veer Rd, Mecca, CA, US",804,"Atriplex polycarpa",NA,NA
"49","in:36488568","Atriplex polycarpa","gbentall","iNaturalist",2019-12-08,"Kern","high",35.366303,-117.983963,"Red Rock Canyon State Park, Weldon",78,"Atriplex polycarpa",NA,NA
"50","in:37149837","Atriplex polycarpa","lglevanik","iNaturalist",2019-12-31,"San Diego","high",33.183047,-116.221799,NA,201,"Atriplex polycarpa",NA,NA
"51","in:39632896","Atriplex polycarpa","william_hoyer","iNaturalist",2020-03-06,"Inyo","high",35.796708,-116.19687,"Inyo County, US-CA, US",380,"Atriplex polycarpa",NA,NA
"52","in:5045403","Atriplex polycarpa","James Bailey","iNaturalist",2017-01-29,"San Diego","high",33.208013,-116.314317,"Anza-Borrego Desert State Park, Borrego Springs, CA, US",78,"Atriplex polycarpa",NA,NA
"53","in:5989344","Atriplex polycarpa","R.J. Adams","iNaturalist",2017-04-11,"San Diego","medium",32.859712,-116.223364,"Mountain Palm Springs, Anza Borrego Desert",9503,"Atriplex polycarpa",NA,NA
"54","in:66990965","Atriplex polycarpa","Henrik Kibak","iNaturalist",2020-12-22,"Imperial","high",32.871462,-114.484962,"Winterhaven, CA, US",78,"Atriplex polycarpa",NA,NA
"55","in:67812137","Atriplex polycarpa","vsyrop","iNaturalist",2021-01-03,"Inyo","high",36.807038,-118.206407,"N Edwards St, Independence, CA, US",314,"Atriplex polycarpa",NA,NA
"56","in:69059025","Atriplex polycarpa","joedecruyenaere","iNaturalist",2021-02-04,"Los Angeles","high",34.605737,-117.830208,"E Avenue P, Palmdale, CA",50,"Atriplex polycarpa",NA,NA
"57","in:71382888","Atriplex polycarpa","matsonburger","iNaturalist",2021-03-16,"Inyo","high",37.181745,-118.230805,"Big Pine, CA, US",78,"Atriplex polycarpa",NA,NA
"58","in:7778333","Atriplex polycarpa","Terry Hunefeld","iNaturalist",2017-09-04,"San Diego","high",33.231863,-116.353934,"Borrego Springs Resort and Country Club, Borrego Springs, CA, US",78,"Atriplex polycarpa",NA,NA
"59","in:7778581","Atriplex polycarpa","Terry Hunefeld","iNaturalist",2017-09-04,"San Diego","high",33.23425,-116.35411,"Borrego Springs Resort and Country Club, Borrego Springs, CA, US",78,"Atriplex polycarpa",NA,NA
"60","in:7778649","Atriplex polycarpa","Terry Hunefeld","iNaturalist",2017-09-04,"San Diego","high",33.2332,-116.353384,"Borrego Springs Resort and Country Club, Borrego Springs, CA, US",78,"Atriplex polycarpa",NA,NA
"61","in:8078002","Atriplex polycarpa","milliebasden","iNaturalist",2017-09-21,"San Diego","high",33.208109,-116.315268,"Borrego Springs, CA 92004, USA",12,"Atriplex polycarpa",NA,NA
"62","in:8108822","Atriplex polycarpa","Terry Hunefeld","iNaturalist",2017-09-26,"San Diego","high",33.243077,-116.354966,"Anza-Borrego Desert State Park, Borrego Springs, CA, US",78,"Atriplex polycarpa",NA,NA
"63","in:8221126","Atriplex polycarpa","Terry Hunefeld","iNaturalist",2017-10-02,"San Diego","high",33.235232,-116.359809,"Anza-Borrego Desert State Park, Borrego Springs, CA, US",78,"Atriplex polycarpa",NA,NA
"64","in:8273530","Atriplex polycarpa","Terry Hunefeld","iNaturalist",2017-10-05,"San Diego","high",33.243691,-116.35897,"San Diego County, US-CA, US",314,"Atriplex polycarpa",NA,NA
"65","in:8287849","Atriplex polycarpa","Terry Hunefeld","iNaturalist",2017-10-06,"San Diego","high",33.257406,-116.303358,"Anza-Borrego Desert State Park, Borrego Springs, CA, US",78,"Atriplex polycarpa",NA,NA
"66","in:8298668","Atriplex polycarpa","dblanco","iNaturalist",2017-10-07,"San Luis Obispo","high",35.27105,-119.82649,"Carrizo Plain National Monument, Santa Margarita, CA, US",201,"Atriplex polycarpa",NA,NA
"67","in:8303017","Atriplex polycarpa","Terry Hunefeld","iNaturalist",2017-10-07,"San Diego","high",33.136345,-116.401574,"Anza-Borrego Desert State Park, Borrego Springs, CA, US",78,"Atriplex polycarpa",NA,NA
"68","in:8303289","Atriplex polycarpa","Terry Hunefeld","iNaturalist",2017-10-07,"San Diego","high",33.129772,-116.429503,"Anza-Borrego Desert, San Diego County, US-CA, US",78,"Atriplex polycarpa",NA,NA
"69","in:8318298","Atriplex polycarpa","Terry Hunefeld","iNaturalist",2017-10-08,"San Diego","high",33.137191,-116.39276,"Anza-Borrego Desert State Park, Borrego Springs, CA, US",78,"Atriplex polycarpa",NA,NA
"70","in:8350605","Atriplex polycarpa","Terry Hunefeld","iNaturalist",2017-10-10,"San Diego","high",33.215155,-116.229583,"Anza-Borrego Desert, San Diego County, US-CA, US",78,"Atriplex polycarpa",NA,NA
"71","in:8363239","Atriplex polycarpa","Terry Hunefeld","iNaturalist",2017-10-11,"San Diego","high",33.220819,-116.265856,"Anza-Borrego Desert State Park, Borrego Springs, CA, US",78,"Atriplex polycarpa",NA,NA
"72","in:8563494","Atriplex polycarpa","Terry Hunefeld","iNaturalist",2017-10-26,"San Diego","high",33.246565,-116.352014,"Anza-Borrego Desert State Park, Borrego Springs, CA, US",78,"Atriplex polycarpa",NA,NA
"73","in:8571539","Atriplex polycarpa","Terry Hunefeld","iNaturalist",2017-10-26,"San Diego","high",33.234089,-116.356078,"San Diego County, US-CA, US",78,"Atriplex polycarpa",NA,NA
"74","in:8659800","Atriplex polycarpa","Terry Hunefeld","iNaturalist",2017-11-02,"San Diego","high",33.179855,-116.245778,"Anza-Borrego Desert, San Diego County, US-CA, US",78,"Atriplex polycarpa",NA,NA
"75","in:8681887","Atriplex polycarpa","Terry Hunefeld","iNaturalist",2017-11-04,"San Diego","high",33.161043,-116.257817,"Anza-Borrego Desert, San Diego County, US-CA, US",78,"Atriplex polycarpa",NA,NA
"76","in:8798470","Atriplex polycarpa","Terry Hunefeld","iNaturalist",2017-11-13,"San Diego","high",33.26315,-116.236726,"Anza-Borrego Desert State Park, Borrego Springs, CA, US",78,"Atriplex polycarpa",NA,NA
"77","in:8854557","Atriplex polycarpa","Terry Hunefeld","iNaturalist",2017-11-18,"San Diego","high",33.368875,-116.421623,"San Diego County, US-CA, US",314,"Atriplex polycarpa",NA,NA
"78","in:8899339","Atriplex polycarpa","Terry Hunefeld","iNaturalist",2017-11-22,"San Diego","high",33.291656,-116.148583,"Anza-Borrego Desert, San Diego County, US-CA, US",314,"Atriplex polycarpa",NA,NA
"79","in:9026854","Atriplex polycarpa","Terry Hunefeld","iNaturalist",2017-12-02,"San Diego","high",33.129623,-116.431977,"San Diego County, US-CA, US",314,"Atriplex polycarpa",NA,NA
"80","in:9026903","Atriplex polycarpa","Terry Hunefeld","iNaturalist",2017-12-02,"San Diego","high",33.129691,-116.432621,"San Diego County, US-CA, US",78,"Atriplex polycarpa",NA,NA
"81","in:9173852","Atriplex polycarpa","Terry Hunefeld","iNaturalist",2017-12-16,"San Diego","high",33.209061,-116.315479,"Anza-Borrego Desert State Park, Borrego Springs, CA, US",78,"Atriplex polycarpa",NA,NA
"82","in:9186672","Atriplex polycarpa","Terry Hunefeld","iNaturalist",2017-12-17,"San Diego","high",33.233909,-116.327531,"Anza-Borrego Desert State Park, Borrego Springs, CA, US",314,"Atriplex polycarpa",NA,NA
"83","in:9310511","Atriplex polycarpa","sheacox","iNaturalist",2017-12-30,"Riverside","high",33.789419,-116.250124,"Indio Hills Palms, Riverside County, US-CA, US",4300,"Atriplex polycarpa",NA,NA
"84","in:9416690","Atriplex polycarpa","Terry Hunefeld","iNaturalist",2018-01-08,"San Diego","high",33.371831,-116.440548,"San Diego County, US-CA, US",78,"Atriplex polycarpa",NA,NA
"85","in:9455971","Atriplex polycarpa","Terry Hunefeld","iNaturalist",2018-01-11,"San Diego","high",33.37208,-116.449797,"San Diego County, US-CA, US",78,"Atriplex polycarpa",NA,NA
"86","in:9513825","Atriplex polycarpa","Terry Hunefeld","iNaturalist",2018-01-17,"San Diego","high",33.105978,-116.495211,"21758",2827,"Atriplex polycarpa",NA,NA
"87","in:9543354","Atriplex polycarpa","Matthew Salkiewicz","iNaturalist",2018-01-20,"San Diego","medium",33.139265,-116.387969,"Anza Borrego Desert State Park, Borrego Springs, California",9503,"Atriplex polycarpa",NA,NA
"88","in:9670394","Atriplex polycarpa","natureali","iNaturalist",2018-01-30,"Kern","high",35.249262,-119.299952,"Tupman, CA 93276, Tupman",78,"Atriplex polycarpa",NA,NA
"89","in:9711802","Atriplex polycarpa","birgitknorr","iNaturalist",2018-02-02,"San Diego","high",32.949141,-116.28361,"Anza-Borrego Desert State Park, Borrego Springs, CA, US",78,"Atriplex polycarpa",NA,NA
"90","in:9759648","Atriplex polycarpa","birgitknorr","iNaturalist",2018-02-06,"San Diego","high",32.94408,-116.275497,"San Diego County, US-CA, US",78,"Atriplex polycarpa",NA,NA
"91","io117290","Atriplex polycarpa","Keir Morse",NA,2023-12-03,"Riverside","high",33.60075,-115.65073,NA,50,"Atriplex polycarpa",NA,NA
"92","io16512","Atriplex polycarpa","Angelique Herman",NA,2019-07-17,"Kern","high",35.484442,-119.514588,NA,3216,"Atriplex polycarpa",NA,NA
"93","io22211","Atriplex polycarpa","Angelique Herman",NA,2019-09-24,"Kern","high",35.061022,-118.276692,NA,113,"Atriplex polycarpa",NA,NA
"94","io38427","Atriplex polycarpa","Angelique Herman",NA,2020-09-28,"Kings","high",35.7981,-120.10745,NA,201,"Atriplex polycarpa",NA,NA
"95","io51936","Atriplex polycarpa","Angelique Herman",NA,2021-06-28,"Kern","high",35.57519,-118.99529,NA,113,"Atriplex polycarpa",NA,NA
"96","io58498","Atriplex polycarpa","Angelique Herman",NA,2021-11-09,"Kern","high",35.53846,-119.03769,NA,113,"Atriplex polycarpa",NA,NA
"97","io58547","Atriplex polycarpa","Angelique Herman",NA,2021-11-09,"Kern","high",35.53854,-119.0338,NA,50,"Atriplex polycarpa",NA,NA
"98","io6536","Atriplex polycarpa","Angelique Herman",NA,2018-11-05,"Kern","high",35.058005,-119.279342,NA,201,"Atriplex polycarpa",NA,NA
"99","io6567","Atriplex polycarpa","Angelique Herman",NA,2018-11-05,"Kern","high",35.058322,-119.387191,NA,201,"Atriplex polycarpa",NA,NA
"100","io6568","Atriplex polycarpa","Angelique Herman",NA,2018-11-05,"Kern","high",35.021214,-119.416583,NA,804,"Atriplex polycarpa",NA,NA
"101","io7573","Atriplex polycarpa","Angelique Herman",NA,2019-01-29,"Fresno","high",36.50657,-120.460498,NA,201,"Atriplex polycarpa",NA,NA
"102","io9489","Atriplex polycarpa","Angelique Herman",NA,2019-03-20,"Santa Barbara","high",34.966225,-119.734498,NA,452,"Atriplex polycarpa",NA,NA
"103","io9490","Atriplex polycarpa","Angelique Herman",NA,2019-03-20,"Santa Barbara","high",34.964514,-119.722526,NA,201,"Atriplex polycarpa",NA,NA
"104","io9491","Atriplex polycarpa","Angelique Herman",NA,2019-03-20,"Kern","high",35.021003,-119.416477,NA,3631,"Atriplex polycarpa",NA,NA
"105","io9492","Atriplex polycarpa","Angelique Herman",NA,2019-03-20,"Kern","high",34.987526,-119.431624,NA,201,"Atriplex polycarpa",NA,NA
"106","mg156249","Atriplex polycarpa","R.A. Chasey",NA,2022-02-20,"Fresno","high",36.614646,-120.7102,NA,31,"Atriplex polycarpa",NA,NA
"107","mg189178","Atriplex polycarpa","Ryan O'Dell",NA,2023-02-08,"Fresno","high",36.300398,-120.306258,NA,101,"Atriplex polycarpa",NA,NA
"108","mg189225","Atriplex polycarpa","Ryan O'Dell",NA,2023-02-09,"Fresno","high",36.146459,-120.268044,NA,47,"Atriplex polycarpa",NA,NA
"109","mg191118","Atriplex polycarpa","Ryan O'Dell",NA,2023-02-19,"Fresno","high",36.472361,-120.517166,NA,47,"Atriplex polycarpa",NA,NA
"110","mg191154","Atriplex polycarpa","Ryan O'Dell",NA,2023-02-19,"Fresno","high",36.465043,-120.50653,NA,50,"Atriplex polycarpa",NA,NA
"111","mg191158","Atriplex polycarpa","Ryan O'Dell",NA,2023-02-19,"Fresno","high",36.464871,-120.505694,NA,192,"Atriplex polycarpa",NA,NA
"112","mg191220","Atriplex polycarpa","Ryan O'Dell",NA,2023-02-19,"Fresno","high",36.462367,-120.498815,NA,73,"Atriplex polycarpa",NA,NA
"113","mg191221","Atriplex polycarpa","Ryan O'Dell",NA,2023-02-19,"Fresno","high",36.4621,-120.498516,NA,222,"Atriplex polycarpa",NA,NA
"114","mg191239","Atriplex polycarpa","Ryan O'Dell",NA,2023-02-19,"Fresno","high",36.457743,-120.496415,NA,65,"Atriplex polycarpa",NA,NA
"115","mg191309","Atriplex polycarpa","Ryan O'Dell",NA,2023-02-19,"Fresno","high",36.447241,-120.51111,NA,69,"Atriplex polycarpa",NA,NA
"116","mg191343","Atriplex polycarpa","Ryan O'Dell",NA,2023-02-20,"Fresno","high",36.443453,-120.536472,NA,75,"Atriplex polycarpa",NA,NA
"117","mg191351","Atriplex polycarpa","Ryan O'Dell",NA,2023-02-20,"Fresno","high",36.435132,-120.546829,NA,154,"Atriplex polycarpa",NA,NA
"118","mg191353","Atriplex polycarpa","Ryan O'Dell",NA,2023-02-20,"Fresno","high",36.435207,-120.553028,NA,77,"Atriplex polycarpa",NA,NA
"119","mg198084","Atriplex polycarpa","Ryan O'Dell",NA,2023-03-30,"Kern","high",35.318154,-118.093608,NA,89,"Atriplex polycarpa",NA,NA
"120","mg198187","Atriplex polycarpa","Ryan O'Dell",NA,2023-04-01,"San Diego","high",33.138711,-116.375782,NA,114,"Atriplex polycarpa",NA,NA
"121","mg198191","Atriplex polycarpa","Ryan O'Dell",NA,2023-04-01,"San Diego","high",32.863378,-116.219379,NA,47,"Atriplex polycarpa",NA,NA
"122","mg231079","Atriplex polycarpa","Ryan O'Dell",NA,2024-01-27,"Fresno","high",36.61776,-120.713278,NA,425,"Atriplex polycarpa",NA,NA
"123","mg231088","Atriplex polycarpa","Ryan O'Dell",NA,2024-01-27,"Fresno","high",36.618718,-120.718852,NA,362,"Atriplex polycarpa",NA,NA
"124","mg232171","Atriplex polycarpa","Ryan O'Dell",NA,2024-02-25,"Fresno","high",36.539558,-120.56451,NA,100,"Atriplex polycarpa",NA,NA
"125","mg232374","Atriplex polycarpa","Ryan O'Dell",NA,2024-02-25,"Fresno","high",36.556081,-120.590737,NA,122,"Atriplex polycarpa",NA,NA
"126","mg232394","Atriplex polycarpa","Ryan O'Dell",NA,2024-02-25,"Fresno","high",36.554399,-120.581998,NA,58,"Atriplex polycarpa",NA,NA
"127","mg232534","Atriplex polycarpa","Ryan O'Dell",NA,2024-02-29,"San Benito","high",36.603252,-120.758317,NA,52,"Atriplex polycarpa",NA,NA
"128","mg232564","Atriplex polycarpa","Ryan O'Dell",NA,2024-02-29,"Fresno","high",36.604606,-120.687681,NA,47,"Atriplex polycarpa",NA,NA
"129","mg232639","Atriplex polycarpa","Ryan O'Dell",NA,2024-03-01,"Fresno","high",36.62185,-120.664835,NA,47,"Atriplex polycarpa",NA,NA
"130","mg232652","Atriplex polycarpa","Ryan O'Dell",NA,2024-03-01,"Fresno","high",36.620991,-120.665797,NA,47,"Atriplex polycarpa",NA,NA
"131","mg232654","Atriplex polycarpa","Ryan O'Dell",NA,2024-03-01,"Fresno","high",36.620286,-120.669545,NA,47,"Atriplex polycarpa",NA,NA
"132","mg232657","Atriplex polycarpa","Ryan O'Dell",NA,2024-03-01,"Fresno","high",36.618785,-120.672576,NA,47,"Atriplex polycarpa",NA,NA
"133","mg232659","Atriplex polycarpa","Ryan O'Dell",NA,2024-03-01,"Fresno","high",36.616785,-120.674627,NA,156,"Atriplex polycarpa",NA,NA
"134","mg232693","Atriplex polycarpa","Ryan O'Dell",NA,2024-03-01,"Fresno","high",36.616833,-120.670991,NA,28,"Atriplex polycarpa",NA,NA
"135","mg232694","Atriplex polycarpa","Ryan O'Dell",NA,2024-03-01,"Fresno","high",36.615979,-120.671513,NA,40,"Atriplex polycarpa",NA,NA
"136","mg233214","Atriplex polycarpa","Ryan O'Dell",NA,2024-03-06,"Fresno","high",36.06618,-120.313648,NA,50,"Atriplex polycarpa",NA,NA
"137","mg233326","Atriplex polycarpa","Ryan O'Dell",NA,2024-03-06,"Fresno","high",36.07975,-120.333505,NA,53,"Atriplex polycarpa",NA,NA
"138","mg233453","Atriplex polycarpa","Ryan O'Dell",NA,2024-03-07,"Fresno","high",36.219454,-120.318582,NA,45,"Atriplex polycarpa",NA,NA
"139","mg233500","Atriplex polycarpa","Ryan O'Dell",NA,2024-03-07,"Fresno","high",36.255922,-120.365349,NA,45,"Atriplex polycarpa",NA,NA
"140","mg233510","Atriplex polycarpa","Ryan O'Dell",NA,2024-03-07,"Fresno","high",36.254872,-120.363989,NA,47,"Atriplex polycarpa",NA,NA
"141","mg233511","Atriplex polycarpa","Ryan O'Dell",NA,2024-03-07,"Fresno","high",36.254857,-120.364006,NA,297,"Atriplex polycarpa",NA,NA
"142","mg233520","Atriplex polycarpa","Ryan O'Dell",NA,2024-03-07,"Fresno","high",36.252051,-120.361602,NA,41,"Atriplex polycarpa",NA,NA
"143","mg234036","Atriplex polycarpa","Ryan O'Dell",NA,2024-03-13,"San Benito","high",36.551745,-120.838386,NA,247,"Atriplex polycarpa",NA,NA
"144","mg239167","Atriplex polycarpa","Ryan O'Dell",NA,2024-04-22,"San Benito","high",36.518266,-120.732324,NA,47,"Atriplex polycarpa",NA,NA
"145","mg241247","Atriplex polycarpa","Ryan O'Dell",NA,2024-05-06,"San Benito","high",36.512695,-120.730364,NA,995,"Atriplex polycarpa",NA,NA
"146","mg241261","Atriplex polycarpa","Ryan O'Dell",NA,2024-05-06,"San Benito","high",36.520364,-120.731441,NA,75,"Atriplex polycarpa",NA,NA
"147","mg241446","Atriplex polycarpa","Ryan O'Dell",NA,2024-05-06,"San Benito","high",36.503,-120.759551,NA,219,"Atriplex polycarpa",NA,NA
"148","mg260987","Atriplex polycarpa","Ryan O'Dell",NA,2024-08-30,"Fresno","high",36.084106,-120.475585,NA,57,"Atriplex polycarpa",NA,NA
"149","mg260988","Atriplex polycarpa","Ryan O'Dell",NA,2024-08-30,"Fresno","high",36.085167,-120.477375,NA,104,"Atriplex polycarpa",NA,NA
"150","mg264897","Atriplex polycarpa","Ryan O'Dell",NA,2024-11-21,"Fresno","high",36.209647,-120.270375,NA,51,"Atriplex polycarpa",NA,NA
"151","mg264903","Atriplex polycarpa","Ryan O'Dell",NA,2024-11-21,"Fresno","high",36.223951,-120.277214,NA,45,"Atriplex polycarpa",NA,NA
"152","mg264905","Atriplex polycarpa","Ryan O'Dell",NA,2024-11-21,"Fresno","high",36.194235,-120.266225,NA,71,"Atriplex polycarpa",NA,NA
"153","mg264906","Atriplex polycarpa","Ryan O'Dell",NA,2024-11-21,"Fresno","high",36.195128,-120.267373,NA,322,"Atriplex polycarpa",NA,NA
"154","mg264907","Atriplex polycarpa","Ryan O'Dell",NA,2024-11-21,"Fresno","high",36.195045,-120.27374,NA,45,"Atriplex polycarpa",NA,NA
"155","mg264908","Atriplex polycarpa","Ryan O'Dell",NA,2024-11-21,"Fresno","high",36.195015,-120.275659,NA,53,"Atriplex polycarpa",NA,NA
"156","mg264909","Atriplex polycarpa","Ryan O'Dell",NA,2024-11-21,"Fresno","high",36.191223,-120.277187,NA,1098,"Atriplex polycarpa",NA,NA
"157","mg264910","Atriplex polycarpa","Ryan O'Dell",NA,2024-11-21,"Fresno","high",36.187473,-120.276445,NA,69,"Atriplex polycarpa",NA,NA
"158","mg264911","Atriplex polycarpa","Ryan O'Dell",NA,2024-11-21,"Fresno","high",36.182922,-120.282654,NA,45,"Atriplex polycarpa",NA,NA
"159","mg290993","Atriplex polycarpa","Ryan O'Dell",NA,2025-10-04,"Placer","high",39.012774,-120.802598,NA,94,"Atriplex polycarpa",NA,NA
"160","mu21796","Atriplex polycarpa","Steve Matson",NA,2022-02-24,"Inyo","high",37.2157,-118.2425,"6Q85+72 Zurich, CA, USA",7854,"Atriplex polycarpa",NA,NA
"161","mu22450","Atriplex polycarpa","Steve Matson",NA,2022-03-26,"Inyo","high",37.1629,-118.212,"5Q7Q+56 Monola, CA, USA",7854,"Atriplex polycarpa",NA,NA
"162","mu27719","Atriplex polycarpa","Keir Morse",NA,2023-01-06,"Riverside","high",33.5834,-115.9225,"H3MH+92 Mortmar, CA, USA",7854,"Atriplex polycarpa",NA,NA
"163","po25069","Atriplex polycarpa","Christopher Hauser",NA,2016-12-08,"San Benito","high",36.592643,-120.776868,"USA, California, San Benito County. Eastern Panoche Valley, north of Panoche Creek, about 1 mile west (upstream) of the Panoche Road crossing over Panoche Creek. N 36.5926 W 120.7769",100,"Atriplex polycarpa",NA,NA
"164","po25070","Atriplex polycarpa","Christopher Hauser",NA,2017-01-04,"San Benito","high",36.600129,-120.753522,"USA, California, San Benito County. Extreme east end of Panoche Valley, west side of Panoche Creek, about 0.4 miles northeast (downstream) of the Panoche Road crossing over Panoche Creek. N 36.6001 W 120.7535",100,"Atriplex polycarpa",NA,NA
"165","wb1194-350","Atriplex polycarpa","Brian and Eileen Keelan",NA,2009-01-03,"Riverside","high",34.00981,-116.30655,"Upper Covington Flat -- Joshua Tree NP",1200,"Atriplex polycarpa",NA,NA
"166","wb1194-351","Atriplex polycarpa","Brian and Eileen Keelan",NA,2009-01-31,"Fresno","high",36.71513,-120.85807,"BLM Panoche Access Rd, Mi 0.4 -- Panoche Hills",1200,"Atriplex polycarpa",NA,NA
"167","wb1194-352","Atriplex polycarpa","Brian and Eileen Keelan",NA,2009-12-28,"Imperial","high",33.42461,-115.16931,"Graham Pass Rd, 0.1 mi N of Bradshaw Tr -- Chuckwalla Bench ACEC",1200,"Atriplex polycarpa",NA,NA
"168","wb2421-1014","Atriplex polycarpa","Del Favero, Steven","Bristlecone CNPS",2008-12-09,"Inyo","medium",37.100073,-117.682771,"Site runs from mouth of Vigin Spring Canyon, N, up canyon ~2.5 miles",50000,"Atriplex polycarpa",NA,NA
"169","wb2421-1018","Atriplex polycarpa","Del Favero, Steven","Bristlecone CNPS",2008-12-10,"Inyo","medium",37.098548,-117.684648,"W side of Eureka Dunes at North end; low sand depth adjacent to dunes",50000,"Atriplex polycarpa",NA,NA
"170","wb2421-1090","Atriplex polycarpa","Del Favero, Steven","Bristlecone CNPS",2008-12-19,"Inyo","medium",35.933501,-116.893463,"Anvil Spring Canyon; gravelly wash; ~1 mile E of Mesquite Spring",50000,"Atriplex polycarpa",NA,NA
"171","wb2421-1099","Atriplex polycarpa","Del Favero, Steven","Bristlecone CNPS",2008-12-19,"Inyo","medium",35.940448,-116.909862,"Mesquite Spring in Anvil Spring Canyon",50000,"Atriplex polycarpa",NA,NA
"172","wb2421-1112","Atriplex polycarpa","Del Favero, Steven","Bristlecone CNPS",2008-12-20,"Inyo","medium",35.942289,-116.926724,"Small Spring in Anvil Spring Canyon; W of Mesquite Spring",50000,"Atriplex polycarpa",NA,NA
"173","wb2421-218","Atriplex polycarpa","Slaton, Michčle","Bristlecone CNPS",2008-03-24,"Inyo","medium",36.320314,-117.515151,"Darwin Falls",50000,"Atriplex polycarpa",NA,NA
"174","wb2421-237","Atriplex polycarpa","Slaton, Michčle","Bristlecone CNPS",2007-10-11,"Inyo","medium",37.012621,-117.347791,"Cottonwood Corner",50000,"Atriplex polycarpa",NA,NA
